{
  "ok": true,
  "stt": "ifw",
  "stt_streaming": false,
  "llm": "3b",
  "llm_model_expected": "Qwen/Qwen2.5-3B-Instruct",
  "llm_model_served": "Qwen/Qwen2.5-3B-Instruct",
  "tts": "neutts",
  "tts_streaming": true,
  "placement": {
    "llm": "gpu",
    "stt": "cuda",
    "tts": "gpu",
    "moe_exclusive": false,
    "note": "3B/7B allow co-residency if free VRAM permits"
  },
  "stop_ttfa_ms": 4000.0,
  "stop_error_rate": 0.05,
  "gpu_before": {
    "gpus": [
      {
        "index": 0,
        "name": "NVIDIA RTX 4000 SFF Ada Generation",
        "util_pct": 17.0,
        "mem_used_mb": 15814.0,
        "mem_total_mb": 20475.0
      }
    ]
  },
  "health": {
    "stt": true,
    "llm": true,
    "tts": true
  },
  "warmup": {
    "ok": true,
    "e2e_ttfa_ms": 2018.0079489946365,
    "error": null
  },
  "mode": "find_limit",
  "levels": [
    {
      "concurrency": 1,
      "n": 1,
      "ok": 1,
      "errors": 0,
      "error_rate": 0.0,
      "error_samples": [],
      "e2e_ttfa_p50": 2030.2088223397732,
      "e2e_ttfa_p95": 2030.2088223397732,
      "e2e_ttfa_mean": 2030.2088223397732,
      "stt_ms_p50": 1073.069229722023,
      "llm_ttft_ms_p50": 44.90623250603676,
      "tts_ttfa_ms_p50": 578.3583782613277,
      "e2e_total_ms_p50": 3513.968862593174,
      "llm_tok_s_mean": 5.7368236802008905,
      "wall_s": 3.514138251543045,
      "gpu": {
        "gpus": [
          {
            "index": 0,
            "name": "NVIDIA RTX 4000 SFF Ada Generation",
            "util_pct": 0.0,
            "mem_used_mb": 15814.0,
            "mem_total_mb": 20475.0
          }
        ]
      }
    },
    {
      "concurrency": 2,
      "n": 2,
      "ok": 2,
      "errors": 0,
      "error_rate": 0.0,
      "error_samples": [],
      "e2e_ttfa_p50": 3533.2044903188944,
      "e2e_ttfa_p95": 3993.520656786859,
      "e2e_ttfa_mean": 3533.2044903188944,
      "stt_ms_p50": 1106.0279347002506,
      "llm_ttft_ms_p50": 52.716899663209915,
      "tts_ttfa_ms_p50": 941.2052929401398,
      "e2e_total_ms_p50": 7126.325869932771,
      "llm_tok_s_mean": 2.700667499126899,
      "wall_s": 8.284915000200272,
      "gpu": {
        "gpus": [
          {
            "index": 0,
            "name": "NVIDIA RTX 4000 SFF Ada Generation",
            "util_pct": 11.0,
            "mem_used_mb": 15814.0,
            "mem_total_mb": 20475.0
          }
        ]
      }
    },
    {
      "concurrency": 4,
      "n": 4,
      "ok": 4,
      "errors": 0,
      "error_rate": 0.0,
      "error_samples": [],
      "e2e_ttfa_p50": 6200.6424609571695,
      "e2e_ttfa_p95": 7166.8484557420015,
      "e2e_ttfa_mean": 5706.160807982087,
      "stt_ms_p50": 1083.8023405522108,
      "llm_ttft_ms_p50": 56.64651654660702,
      "tts_ttfa_ms_p50": 518.6664126813412,
      "e2e_total_ms_p50": 12002.243189141154,
      "llm_tok_s_mean": 1.590567064895336,
      "wall_s": 15.118458427488804,
      "gpu": {
        "gpus": [
          {
            "index": 0,
            "name": "NVIDIA RTX 4000 SFF Ada Generation",
            "util_pct": 24.0,
            "mem_used_mb": 15834.0,
            "mem_total_mb": 20475.0
          }
        ]
      }
    }
  ],
  "max_stable_concurrency": 2,
  "limit_hit_at": 4,
  "stop_reason": "e2e_ttfa_p95>4000.0",
  "gpu_after": {
    "gpus": [
      {
        "index": 0,
        "name": "NVIDIA RTX 4000 SFF Ada Generation",
        "util_pct": 0.0,
        "mem_used_mb": 15834.0,
        "mem_total_mb": 20475.0
      }
    ]
  }
}