{
  "ok": true,
  "stt": "ifw",
  "stt_streaming": false,
  "llm": "7b",
  "llm_model_expected": "Qwen/Qwen2.5-7B-Instruct",
  "llm_model_served": "Qwen/Qwen2.5-7B-Instruct",
  "tts": "melo",
  "tts_streaming": false,
  "placement": {
    "llm": "gpu",
    "stt": "cuda",
    "tts": "cuda",
    "moe_exclusive": false,
    "note": "3B/7B allow co-residency if free VRAM permits"
  },
  "stop_ttfa_ms": 4000.0,
  "stop_error_rate": 0.05,
  "gpu_before": {
    "gpus": [
      {
        "index": 0,
        "name": "NVIDIA RTX 4000 SFF Ada Generation",
        "util_pct": 13.0,
        "mem_used_mb": 15696.0,
        "mem_total_mb": 20475.0
      }
    ]
  },
  "health": {
    "stt": true,
    "llm": true,
    "tts": true
  },
  "warmup": {
    "ok": true,
    "e2e_ttfa_ms": 1867.1748861670494,
    "error": null
  },
  "mode": "find_limit",
  "levels": [
    {
      "concurrency": 1,
      "n": 1,
      "ok": 1,
      "errors": 0,
      "error_rate": 0.0,
      "error_samples": [],
      "e2e_ttfa_p50": 614.4210249185562,
      "e2e_ttfa_p95": 614.4210249185562,
      "e2e_ttfa_mean": 614.4210249185562,
      "stt_ms_p50": 361.6323210299015,
      "llm_ttft_ms_p50": 52.62988805770874,
      "tts_ttfa_ms_p50": 167.4726977944374,
      "e2e_total_ms_p50": 1090.2782455086708,
      "llm_tok_s_mean": 23.33763747828597,
      "wall_s": 1.0904075168073177,
      "gpu": {
        "gpus": [
          {
            "index": 0,
            "name": "NVIDIA RTX 4000 SFF Ada Generation",
            "util_pct": 63.0,
            "mem_used_mb": 15682.0,
            "mem_total_mb": 20475.0
          }
        ]
      }
    },
    {
      "concurrency": 2,
      "n": 2,
      "ok": 2,
      "errors": 0,
      "error_rate": 0.0,
      "error_samples": [],
      "e2e_ttfa_p50": 1233.622806146741,
      "e2e_ttfa_p95": 1636.2528743222356,
      "e2e_ttfa_mean": 1233.622806146741,
      "stt_ms_p50": 708.2224767655134,
      "llm_ttft_ms_p50": 52.985334768891335,
      "tts_ttfa_ms_p50": 240.27343280613422,
      "e2e_total_ms_p50": 1783.7026622146368,
      "llm_tok_s_mean": 19.956454635581355,
      "wall_s": 2.1602178514003754,
      "gpu": {
        "gpus": [
          {
            "index": 0,
            "name": "NVIDIA RTX 4000 SFF Ada Generation",
            "util_pct": 100.0,
            "mem_used_mb": 15714.0,
            "mem_total_mb": 20475.0
          }
        ]
      }
    },
    {
      "concurrency": 4,
      "n": 4,
      "ok": 4,
      "errors": 0,
      "error_rate": 0.0,
      "error_samples": [],
      "e2e_ttfa_p50": 2347.1582252532244,
      "e2e_ttfa_p95": 3642.1191068366165,
      "e2e_ttfa_mean": 2318.6828335747123,
      "stt_ms_p50": 1029.3070208281279,
      "llm_ttft_ms_p50": 54.35097776353359,
      "tts_ttfa_ms_p50": 297.57465049624443,
      "e2e_total_ms_p50": 2968.145027756691,
      "llm_tok_s_mean": 18.503507583210286,
      "wall_s": 4.258950039744377,
      "gpu": {
        "gpus": [
          {
            "index": 0,
            "name": "NVIDIA RTX 4000 SFF Ada Generation",
            "util_pct": 94.0,
            "mem_used_mb": 15712.0,
            "mem_total_mb": 20475.0
          }
        ]
      }
    },
    {
      "concurrency": 8,
      "n": 8,
      "ok": 8,
      "errors": 0,
      "error_rate": 0.0,
      "error_samples": [],
      "e2e_ttfa_p50": 4421.341026201844,
      "e2e_ttfa_p95": 7625.127797573805,
      "e2e_ttfa_mean": 4411.777788307518,
      "stt_ms_p50": 1030.423168092966,
      "llm_ttft_ms_p50": 54.36565913259983,
      "tts_ttfa_ms_p50": 301.91604793071747,
      "e2e_total_ms_p50": 5050.057739019394,
      "llm_tok_s_mean": 17.72670909387605,
      "wall_s": 8.416532780975103,
      "gpu": {
        "gpus": [
          {
            "index": 0,
            "name": "NVIDIA RTX 4000 SFF Ada Generation",
            "util_pct": 76.0,
            "mem_used_mb": 15712.0,
            "mem_total_mb": 20475.0
          }
        ]
      }
    }
  ],
  "max_stable_concurrency": 4,
  "limit_hit_at": 8,
  "stop_reason": "e2e_ttfa_p95>4000.0",
  "gpu_after": {
    "gpus": [
      {
        "index": 0,
        "name": "NVIDIA RTX 4000 SFF Ada Generation",
        "util_pct": 76.0,
        "mem_used_mb": 15712.0,
        "mem_total_mb": 20475.0
      }
    ]
  }
}