{
  "ok": true,
  "stt": "ifw",
  "stt_streaming": false,
  "llm": "7b",
  "llm_model_expected": "Qwen/Qwen2.5-7B-Instruct",
  "llm_model_served": "Qwen/Qwen2.5-7B-Instruct",
  "tts": "kokoro",
  "tts_streaming": true,
  "placement": {
    "llm": "gpu",
    "stt": "cuda",
    "tts": "server_gpu",
    "moe_exclusive": false,
    "note": "3B/7B allow co-residency if free VRAM permits"
  },
  "stop_ttfa_ms": 4000.0,
  "stop_error_rate": 0.05,
  "gpu_before": {
    "gpus": [
      {
        "index": 0,
        "name": "NVIDIA RTX 4000 SFF Ada Generation",
        "util_pct": 77.0,
        "mem_used_mb": 17981.0,
        "mem_total_mb": 20475.0
      }
    ]
  },
  "health": {
    "stt": true,
    "llm": true,
    "tts": true
  },
  "warmup": {
    "ok": true,
    "e2e_ttfa_ms": 1180.507443845272,
    "error": null
  },
  "mode": "find_limit",
  "levels": [
    {
      "concurrency": 1,
      "n": 1,
      "ok": 1,
      "errors": 0,
      "error_rate": 0.0,
      "error_samples": [],
      "e2e_ttfa_p50": 844.1575542092323,
      "e2e_ttfa_p95": 844.1575542092323,
      "e2e_ttfa_mean": 844.1575542092323,
      "stt_ms_p50": 666.7464226484299,
      "llm_ttft_ms_p50": 52.06376314163208,
      "tts_ttfa_ms_p50": 92.87451580166817,
      "e2e_total_ms_p50": 1370.705682784319,
      "llm_tok_s_mean": 24.159066961874327,
      "wall_s": 1.370852965861559,
      "gpu": {
        "gpus": [
          {
            "index": 0,
            "name": "NVIDIA RTX 4000 SFF Ada Generation",
            "util_pct": 70.0,
            "mem_used_mb": 17981.0,
            "mem_total_mb": 20475.0
          }
        ]
      }
    },
    {
      "concurrency": 2,
      "n": 2,
      "ok": 2,
      "errors": 0,
      "error_rate": 0.0,
      "error_samples": [],
      "e2e_ttfa_p50": 1552.093017846346,
      "e2e_ttfa_p95": 2116.442833468318,
      "e2e_ttfa_mean": 1552.093017846346,
      "stt_ms_p50": 996.9320744276047,
      "llm_ttft_ms_p50": 53.667882457375526,
      "tts_ttfa_ms_p50": 120.84649316966534,
      "e2e_total_ms_p50": 2325.1159470528364,
      "llm_tok_s_mean": 18.799937057587005,
      "wall_s": 2.7139927521348,
      "gpu": {
        "gpus": [
          {
            "index": 0,
            "name": "NVIDIA RTX 4000 SFF Ada Generation",
            "util_pct": 100.0,
            "mem_used_mb": 17981.0,
            "mem_total_mb": 20475.0
          }
        ]
      }
    },
    {
      "concurrency": 4,
      "n": 4,
      "ok": 4,
      "errors": 0,
      "error_rate": 0.0,
      "error_samples": [],
      "e2e_ttfa_p50": 2882.291106507182,
      "e2e_ttfa_p95": 4610.591085627675,
      "e2e_ttfa_mean": 2869.7007037699223,
      "stt_ms_p50": 1308.2494586706161,
      "llm_ttft_ms_p50": 56.920137256383896,
      "tts_ttfa_ms_p50": 155.03822267055511,
      "e2e_total_ms_p50": 3891.67757704854,
      "llm_tok_s_mean": 16.203278057066782,
      "wall_s": 5.325964480638504,
      "gpu": {
        "gpus": [
          {
            "index": 0,
            "name": "NVIDIA RTX 4000 SFF Ada Generation",
            "util_pct": 100.0,
            "mem_used_mb": 17981.0,
            "mem_total_mb": 20475.0
          }
        ]
      }
    }
  ],
  "max_stable_concurrency": 2,
  "limit_hit_at": 4,
  "stop_reason": "e2e_ttfa_p95>4000.0",
  "gpu_after": {
    "gpus": [
      {
        "index": 0,
        "name": "NVIDIA RTX 4000 SFF Ada Generation",
        "util_pct": 55.0,
        "mem_used_mb": 17981.0,
        "mem_total_mb": 20475.0
      }
    ]
  }
}