{
  "ok": true,
  "stt": "ifw",
  "stt_streaming": false,
  "llm": "3b",
  "llm_model_expected": "Qwen/Qwen2.5-3B-Instruct",
  "llm_model_served": "Qwen/Qwen2.5-3B-Instruct",
  "tts": "kokoro",
  "tts_streaming": true,
  "placement": {
    "llm": "gpu",
    "stt": "cuda",
    "tts": "server_gpu",
    "moe_exclusive": false,
    "note": "3B/7B allow co-residency if free VRAM permits"
  },
  "stop_ttfa_ms": 4000.0,
  "stop_error_rate": 0.05,
  "gpu_before": {
    "gpus": [
      {
        "index": 0,
        "name": "NVIDIA RTX 4000 SFF Ada Generation",
        "util_pct": 57.0,
        "mem_used_mb": 14956.0,
        "mem_total_mb": 20475.0
      }
    ]
  },
  "health": {
    "stt": true,
    "llm": true,
    "tts": true
  },
  "warmup": {
    "ok": true,
    "e2e_ttfa_ms": 1145.112071186304,
    "error": null
  },
  "mode": "find_limit",
  "levels": [
    {
      "concurrency": 1,
      "n": 1,
      "ok": 1,
      "errors": 0,
      "error_rate": 0.0,
      "error_samples": [],
      "e2e_ttfa_p50": 814.9009756743908,
      "e2e_ttfa_p95": 814.9009756743908,
      "e2e_ttfa_mean": 814.9009756743908,
      "stt_ms_p50": 654.8551358282566,
      "llm_ttft_ms_p50": 44.72556710243225,
      "tts_ttfa_ms_p50": 90.86131304502487,
      "e2e_total_ms_p50": 1149.6980786323547,
      "llm_tok_s_mean": 28.303540897552605,
      "wall_s": 1.149864535778761,
      "gpu": {
        "gpus": [
          {
            "index": 0,
            "name": "NVIDIA RTX 4000 SFF Ada Generation",
            "util_pct": 100.0,
            "mem_used_mb": 14956.0,
            "mem_total_mb": 20475.0
          }
        ]
      }
    },
    {
      "concurrency": 2,
      "n": 2,
      "ok": 2,
      "errors": 0,
      "error_rate": 0.0,
      "error_samples": [],
      "e2e_ttfa_p50": 1386.7075890302658,
      "e2e_ttfa_p95": 1847.5214444100857,
      "e2e_ttfa_mean": 1386.7075890302658,
      "stt_ms_p50": 861.6992551833391,
      "llm_ttft_ms_p50": 46.23045399785042,
      "tts_ttfa_ms_p50": 122.30419553816319,
      "e2e_total_ms_p50": 1879.96282055974,
      "llm_tok_s_mean": 22.577868796185637,
      "wall_s": 2.261983584612608,
      "gpu": {
        "gpus": [
          {
            "index": 0,
            "name": "NVIDIA RTX 4000 SFF Ada Generation",
            "util_pct": 93.0,
            "mem_used_mb": 14956.0,
            "mem_total_mb": 20475.0
          }
        ]
      }
    },
    {
      "concurrency": 4,
      "n": 4,
      "ok": 4,
      "errors": 0,
      "error_rate": 0.0,
      "error_samples": [],
      "e2e_ttfa_p50": 2527.5741554796696,
      "e2e_ttfa_p95": 3939.790707454085,
      "e2e_ttfa_mean": 2511.2977866083384,
      "stt_ms_p50": 1071.479333564639,
      "llm_ttft_ms_p50": 45.92892341315746,
      "tts_ttfa_ms_p50": 148.46229180693626,
      "e2e_total_ms_p50": 3160.6242023408413,
      "llm_tok_s_mean": 19.912267205309146,
      "wall_s": 4.407810907810926,
      "gpu": {
        "gpus": [
          {
            "index": 0,
            "name": "NVIDIA RTX 4000 SFF Ada Generation",
            "util_pct": 100.0,
            "mem_used_mb": 14956.0,
            "mem_total_mb": 20475.0
          }
        ]
      }
    },
    {
      "concurrency": 8,
      "n": 8,
      "ok": 8,
      "errors": 0,
      "error_rate": 0.0,
      "error_samples": [],
      "e2e_ttfa_p50": 4677.189908921719,
      "e2e_ttfa_p95": 8079.926187731325,
      "e2e_ttfa_mean": 4678.216302301735,
      "stt_ms_p50": 1078.2005917280912,
      "llm_ttft_ms_p50": 45.734841376543045,
      "tts_ttfa_ms_p50": 156.74221143126488,
      "e2e_total_ms_p50": 5282.571008428931,
      "llm_tok_s_mean": 18.470960875194592,
      "wall_s": 8.781246490776539,
      "gpu": {
        "gpus": [
          {
            "index": 0,
            "name": "NVIDIA RTX 4000 SFF Ada Generation",
            "util_pct": 100.0,
            "mem_used_mb": 14956.0,
            "mem_total_mb": 20475.0
          }
        ]
      }
    }
  ],
  "max_stable_concurrency": 4,
  "limit_hit_at": 8,
  "stop_reason": "e2e_ttfa_p95>4000.0",
  "gpu_after": {
    "gpus": [
      {
        "index": 0,
        "name": "NVIDIA RTX 4000 SFF Ada Generation",
        "util_pct": 59.0,
        "mem_used_mb": 14956.0,
        "mem_total_mb": 20475.0
      }
    ]
  }
}