{
  "ok": true,
  "stt": "parakeet",
  "stt_streaming": true,
  "llm": "moe",
  "llm_model_expected": "QuixiAI/Qwen3-30B-A3B-AWQ",
  "llm_model_served": "QuixiAI/Qwen3-30B-A3B-AWQ",
  "tts": "kokoro",
  "tts_streaming": true,
  "placement": {
    "llm": "gpu",
    "stt": "server_gpu_or_busy",
    "tts": "server_gpu_or_busy",
    "moe_exclusive": true,
    "note": "MoE exclusive GPU; STT/TTS forced off-GPU where possible"
  },
  "stop_ttfa_ms": 4000.0,
  "stop_error_rate": 0.05,
  "gpu_before": {
    "gpus": [
      {
        "index": 0,
        "name": "NVIDIA RTX 4000 SFF Ada Generation",
        "util_pct": 0.0,
        "mem_used_mb": 19445.0,
        "mem_total_mb": 20475.0
      }
    ]
  },
  "health": {
    "stt": true,
    "llm": true,
    "tts": true
  },
  "warmup": {
    "ok": true,
    "e2e_ttfa_ms": 1276.5418849885464,
    "error": null
  },
  "mode": "find_limit",
  "levels": [
    {
      "concurrency": 1,
      "n": 1,
      "ok": 1,
      "errors": 0,
      "error_rate": 0.0,
      "error_samples": [],
      "e2e_ttfa_p50": 1349.8953729867935,
      "e2e_ttfa_p95": 1349.8953729867935,
      "e2e_ttfa_mean": 1349.8953729867935,
      "stt_ms_p50": 408.4679037332535,
      "llm_ttft_ms_p50": 49.176450818777084,
      "tts_ttfa_ms_p50": 759.6497014164925,
      "e2e_total_ms_p50": 1747.2190707921982,
      "llm_tok_s_mean": 14.940311515665995,
      "wall_s": 1.7473425455391407,
      "gpu": {
        "gpus": [
          {
            "index": 0,
            "name": "NVIDIA RTX 4000 SFF Ada Generation",
            "util_pct": 0.0,
            "mem_used_mb": 19445.0,
            "mem_total_mb": 20475.0
          }
        ]
      }
    },
    {
      "concurrency": 2,
      "n": 2,
      "ok": 2,
      "errors": 0,
      "error_rate": 0.0,
      "error_samples": [],
      "e2e_ttfa_p50": 1960.5414867401123,
      "e2e_ttfa_p95": 2321.8979623168707,
      "e2e_ttfa_mean": 1960.5414867401123,
      "stt_ms_p50": 469.63091380894184,
      "llm_ttft_ms_p50": 61.459604650735855,
      "tts_ttfa_ms_p50": 1092.92302839458,
      "e2e_total_ms_p50": 3027.2643603384495,
      "llm_tok_s_mean": 8.527702635643186,
      "wall_s": 3.254128661006689,
      "gpu": {
        "gpus": [
          {
            "index": 0,
            "name": "NVIDIA RTX 4000 SFF Ada Generation",
            "util_pct": 0.0,
            "mem_used_mb": 19445.0,
            "mem_total_mb": 20475.0
          }
        ]
      }
    },
    {
      "concurrency": 4,
      "n": 4,
      "ok": 4,
      "errors": 0,
      "error_rate": 0.0,
      "error_samples": [],
      "e2e_ttfa_p50": 3641.8629735708237,
      "e2e_ttfa_p95": 5172.673015296459,
      "e2e_ttfa_mean": 3448.687380179763,
      "stt_ms_p50": 671.6381795704365,
      "llm_ttft_ms_p50": 68.5511864721775,
      "tts_ttfa_ms_p50": 1983.0673933029175,
      "e2e_total_ms_p50": 6058.051424100995,
      "llm_tok_s_mean": 4.578503707502179,
      "wall_s": 6.760483406484127,
      "gpu": {
        "gpus": [
          {
            "index": 0,
            "name": "NVIDIA RTX 4000 SFF Ada Generation",
            "util_pct": 0.0,
            "mem_used_mb": 19445.0,
            "mem_total_mb": 20475.0
          }
        ]
      }
    }
  ],
  "max_stable_concurrency": 2,
  "limit_hit_at": 4,
  "stop_reason": "e2e_ttfa_p95>4000.0",
  "gpu_after": {
    "gpus": [
      {
        "index": 0,
        "name": "NVIDIA RTX 4000 SFF Ada Generation",
        "util_pct": 0.0,
        "mem_used_mb": 19445.0,
        "mem_total_mb": 20475.0
      }
    ]
  }
}