{
  "ok": true,
  "stt": "parakeet",
  "stt_streaming": true,
  "llm": "7b",
  "llm_model_expected": "Qwen/Qwen2.5-7B-Instruct",
  "llm_model_served": "Qwen/Qwen2.5-7B-Instruct",
  "tts": "neutts",
  "tts_streaming": true,
  "placement": {
    "llm": "gpu",
    "stt": "server_gpu",
    "tts": "gpu",
    "moe_exclusive": false,
    "note": "3B/7B allow co-residency if free VRAM permits"
  },
  "stop_ttfa_ms": 4000.0,
  "stop_error_rate": 0.05,
  "gpu_before": {
    "gpus": [
      {
        "index": 0,
        "name": "NVIDIA RTX 4000 SFF Ada Generation",
        "util_pct": 12.0,
        "mem_used_mb": 14205.0,
        "mem_total_mb": 20475.0
      }
    ]
  },
  "health": {
    "stt": true,
    "llm": true,
    "tts": true
  },
  "warmup": {
    "ok": true,
    "e2e_ttfa_ms": 1235.3551909327507,
    "error": null
  },
  "mode": "find_limit",
  "levels": [
    {
      "concurrency": 1,
      "n": 1,
      "ok": 1,
      "errors": 0,
      "error_rate": 0.0,
      "error_samples": [],
      "e2e_ttfa_p50": 2445.818565785885,
      "e2e_ttfa_p95": 2445.818565785885,
      "e2e_ttfa_mean": 2445.818565785885,
      "stt_ms_p50": 79.53223958611488,
      "llm_ttft_ms_p50": 81.66712522506714,
      "tts_ttfa_ms_p50": 825.0213786959648,
      "e2e_total_ms_p50": 4690.094981342554,
      "llm_tok_s_mean": 3.6872740817263097,
      "wall_s": 4.690251372754574,
      "gpu": {
        "gpus": [
          {
            "index": 0,
            "name": "NVIDIA RTX 4000 SFF Ada Generation",
            "util_pct": 0.0,
            "mem_used_mb": 14205.0,
            "mem_total_mb": 20475.0
          }
        ]
      }
    },
    {
      "concurrency": 2,
      "n": 2,
      "ok": 2,
      "errors": 0,
      "error_rate": 0.0,
      "error_samples": [],
      "e2e_ttfa_p50": 3125.058403238654,
      "e2e_ttfa_p95": 4429.931364767253,
      "e2e_ttfa_mean": 3125.058403238654,
      "stt_ms_p50": 144.64090391993523,
      "llm_ttft_ms_p50": 142.36909709870815,
      "tts_ttfa_ms_p50": 710.7900865375996,
      "e2e_total_ms_p50": 5131.791219115257,
      "llm_tok_s_mean": 3.7733185598333154,
      "wall_s": 6.584966868162155,
      "gpu": {
        "gpus": [
          {
            "index": 0,
            "name": "NVIDIA RTX 4000 SFF Ada Generation",
            "util_pct": 0.0,
            "mem_used_mb": 14205.0,
            "mem_total_mb": 20475.0
          }
        ]
      }
    }
  ],
  "max_stable_concurrency": 1,
  "limit_hit_at": 2,
  "stop_reason": "e2e_ttfa_p95>4000.0",
  "gpu_after": {
    "gpus": [
      {
        "index": 0,
        "name": "NVIDIA RTX 4000 SFF Ada Generation",
        "util_pct": 0.0,
        "mem_used_mb": 14205.0,
        "mem_total_mb": 20475.0
      }
    ]
  }
}