{
  "ok": true,
  "stt": "parakeet",
  "stt_streaming": true,
  "llm": "3b",
  "llm_model_expected": "Qwen/Qwen2.5-3B-Instruct",
  "llm_model_served": "Qwen/Qwen2.5-3B-Instruct",
  "tts": "kokoro",
  "tts_streaming": true,
  "placement": {
    "llm": "gpu",
    "stt": "server_gpu",
    "tts": "server_gpu",
    "moe_exclusive": false,
    "note": "3B/7B allow co-residency if free VRAM permits"
  },
  "stop_ttfa_ms": 4000.0,
  "stop_error_rate": 0.05,
  "gpu_before": {
    "gpus": [
      {
        "index": 0,
        "name": "NVIDIA RTX 4000 SFF Ada Generation",
        "util_pct": 47.0,
        "mem_used_mb": 11570.0,
        "mem_total_mb": 20475.0
      }
    ]
  },
  "health": {
    "stt": true,
    "llm": true,
    "tts": true
  },
  "warmup": {
    "ok": true,
    "e2e_ttfa_ms": 244.11789700388908,
    "error": null
  },
  "mode": "find_limit",
  "levels": [
    {
      "concurrency": 1,
      "n": 1,
      "ok": 1,
      "errors": 0,
      "error_rate": 0.0,
      "error_samples": [],
      "e2e_ttfa_p50": 214.6698534488678,
      "e2e_ttfa_p95": 214.6698534488678,
      "e2e_ttfa_mean": 214.6698534488678,
      "stt_ms_p50": 54.65049669146538,
      "llm_ttft_ms_p50": 44.81295496225357,
      "tts_ttfa_ms_p50": 90.72833135724068,
      "e2e_total_ms_p50": 546.4055500924587,
      "llm_tok_s_mean": 28.476564282581144,
      "wall_s": 0.5466047301888466,
      "gpu": {
        "gpus": [
          {
            "index": 0,
            "name": "NVIDIA RTX 4000 SFF Ada Generation",
            "util_pct": 100.0,
            "mem_used_mb": 11570.0,
            "mem_total_mb": 20475.0
          }
        ]
      }
    },
    {
      "concurrency": 2,
      "n": 2,
      "ok": 2,
      "errors": 0,
      "error_rate": 0.0,
      "error_samples": [],
      "e2e_ttfa_p50": 297.72364534437656,
      "e2e_ttfa_p95": 344.33569218963385,
      "e2e_ttfa_mean": 297.72364534437656,
      "stt_ms_p50": 65.831009298563,
      "llm_ttft_ms_p50": 83.9745756238699,
      "tts_ttfa_ms_p50": 89.80647474527359,
      "e2e_total_ms_p50": 684.0667948126793,
      "llm_tok_s_mean": 24.495334093859135,
      "wall_s": 0.7286141626536846,
      "gpu": {
        "gpus": [
          {
            "index": 0,
            "name": "NVIDIA RTX 4000 SFF Ada Generation",
            "util_pct": 83.0,
            "mem_used_mb": 11570.0,
            "mem_total_mb": 20475.0
          }
        ]
      }
    },
    {
      "concurrency": 4,
      "n": 4,
      "ok": 4,
      "errors": 0,
      "error_rate": 0.0,
      "error_samples": [],
      "e2e_ttfa_p50": 429.22904156148434,
      "e2e_ttfa_p95": 544.9362922459841,
      "e2e_ttfa_mean": 419.1356645897031,
      "stt_ms_p50": 68.16819123923779,
      "llm_ttft_ms_p50": 106.46910965442657,
      "tts_ttfa_ms_p50": 116.6494619101286,
      "e2e_total_ms_p50": 856.225622817874,
      "llm_tok_s_mean": 21.2860991467538,
      "wall_s": 0.9609215930104256,
      "gpu": {
        "gpus": [
          {
            "index": 0,
            "name": "NVIDIA RTX 4000 SFF Ada Generation",
            "util_pct": 100.0,
            "mem_used_mb": 11600.0,
            "mem_total_mb": 20475.0
          }
        ]
      }
    },
    {
      "concurrency": 8,
      "n": 8,
      "ok": 8,
      "errors": 0,
      "error_rate": 0.0,
      "error_samples": [],
      "e2e_ttfa_p50": 733.0964170396328,
      "e2e_ttfa_p95": 1272.5934110581875,
      "e2e_ttfa_mean": 779.1266441345215,
      "stt_ms_p50": 68.02194751799107,
      "llm_ttft_ms_p50": 119.91361901164055,
      "tts_ttfa_ms_p50": 226.36828385293484,
      "e2e_total_ms_p50": 1526.5148561447859,
      "llm_tok_s_mean": 12.29037470163398,
      "wall_s": 1.7335351668298244,
      "gpu": {
        "gpus": [
          {
            "index": 0,
            "name": "NVIDIA RTX 4000 SFF Ada Generation",
            "util_pct": 38.0,
            "mem_used_mb": 11728.0,
            "mem_total_mb": 20475.0
          }
        ]
      }
    },
    {
      "concurrency": 16,
      "n": 16,
      "ok": 16,
      "errors": 0,
      "error_rate": 0.0,
      "error_samples": [],
      "e2e_ttfa_p50": 1610.3211268782616,
      "e2e_ttfa_p95": 2417.176709510386,
      "e2e_ttfa_mean": 1527.50050323084,
      "stt_ms_p50": 78.58623564243317,
      "llm_ttft_ms_p50": 138.5777834802866,
      "tts_ttfa_ms_p50": 751.6274992376566,
      "e2e_total_ms_p50": 2554.6918716281652,
      "llm_tok_s_mean": 9.024898379368652,
      "wall_s": 2.9746719375252724,
      "gpu": {
        "gpus": [
          {
            "index": 0,
            "name": "NVIDIA RTX 4000 SFF Ada Generation",
            "util_pct": 33.0,
            "mem_used_mb": 11816.0,
            "mem_total_mb": 20475.0
          }
        ]
      }
    }
  ],
  "max_stable_concurrency": 16,
  "limit_hit_at": null,
  "stop_reason": null,
  "gpu_after": {
    "gpus": [
      {
        "index": 0,
        "name": "NVIDIA RTX 4000 SFF Ada Generation",
        "util_pct": 33.0,
        "mem_used_mb": 11816.0,
        "mem_total_mb": 20475.0
      }
    ]
  }
}